date;revenue;vat;Thực thu.1;covers;TC;ac
2026-01-01;36101340;2876940;36.101.340;103,00;24;1504222
2026-01-02;40013255;3233655;40.013.255;93,00;16;2500828
2026-01-03;45217814;3576214;45.003.194;114,00;22;2055355
2026-01-04;17303476;1377776;17.303.476;46,00;11;1573043
2026-01-05;16138540;1297540;16.138.540;46,00;9;1793171
2026-01-06;16749660;1363660;16.749.660;36,00;8;2093708
2026-01-07;18224775;1432125;18.224.775;51,00;10;1822478
2026-01-08;32858440;2556440;32.858.440;97,00;17;1932849
2026-01-09;94605815;7666165;94.605.815;201,00;21;4505039
2026-01-10;85268660;6834660;85.268.660;199,00;33;2583899
2026-01-11;36444000;2937100;36.444.000;89,00;22;1656545
2026-01-12;7411980;598980;7.411.980;19,00;6;1235330
2026-01-13;14338200;1166200;14.338.200;32,00;8;1792275
2026-01-14;20689680;1654680;19.378.560;43,00;12;1724140
2026-01-15;44942724;3570424;44.942.724;117,00;12;3745227
2026-01-16;111034334;8677534;91.954.334;243,00;15;7402289
2026-01-17;70700860;5613860;70.700.860;170,00;33;2142450
2026-01-18;37604434;2954134;37.604.434;102,00;25;1504177
2026-01-19;26929260;2169260;26.929.260;68,00;20;1346463
2026-01-20;64418848;5117398;48.402.754;170,00;11;5856259
2026-01-21;17636580;1407580;17.636.580;42,00;25;705463
2026-01-22;45844100;3654100;45.844.100;91,00;15;3056273
2026-01-23;88382768;7025268;88.382.768;220,00;23;3842729
2026-01-24;33642330;2694780;33.642.330;82,00;19;1770649
2026-01-25;28976600;2303600;28.976.600;81,00;15;1931773
2026-01-26;17594940;1388940;17.594.940;45,00;10;1759494
2026-01-27;32632780;2571780;32.632.780;81,00;17;1919575
2026-01-28;36645820;2864820;35.637.100;94,00;16;2290364
2026-01-29;46264684;3652284;46.264.684;136,00;22;2102940
2026-01-30;81581746;6353546;76.510.978;211,00;24;3399239
2026-01-31;63025140;4976140;63.025.140;175,00;24;2626048
2026-02-01;23106360;1805360;23.106.360;60,00;22;1050289
2026-02-02;38770120;3103120;38.196.000;106,00;17;2280595
2026-02-03;41963344;3278044;41.963.344;126,00;17;2468432
2026-02-04;60747390;4760740;60.747.390;146,00;20;3037370
2026-02-05;61713654;4837054;61.713.654;166,00;23;2683202
2026-02-06;98207920;7780920;83.100.240;256,00;27;3637330
2026-02-07;72246600;5682600;72.246.600;182,00;28;2580236
2026-02-08;31586540;2462540;31.586.540;100,00;27;1169872
2026-02-09;44134042;3491142;44.134.042;117,00;16;2758378
2026-02-10;60139580;4822780;60.139.580;134,00;24;2505816
2026-02-11;47721484;3778184;47.721.484;147,00;20;2386074
2026-02-12;38443276;3042276;35.970.508;97,00;18;2135738
2026-02-13;22077560;1743560;22.077.560;63,00;16;1379848
2026-02-14;28846420;2324420;28.846.420;72,00;12;2403868
2026-02-21;40891588;3228988;40.891.588;101,00;25;1635664
2026-02-22;11433752;879852;11.433.752;39,00;10;1143375
2026-02-23;25889860;2061860;25.889.860;72,00;18;1438326
2026-02-24;35118626;2796026;35.118.626;79,00;11;3192602
2026-02-25;33785960;2699960;33.785.960;91,00;20;1689298
2026-02-26;14592220;1166220;14.592.220;33,00;14;1042301
2026-02-27;54896100;4357100;54.896.100;121,00;22;2495277
2026-02-28;57144000;4614400;57.144.000;125,00;21;2721143
2026-03-01;24456600;1949600;24.456.600;66,00;22;1111664
2026-03-02;15872880;1255880;15.872.880;42,00;10;1587288
2026-03-03;18954540;1511540;18.954.540;49,00;8;2369318
2026-03-04;32207620;2558620;32.207.620;85,00;15;2147175
2026-03-05;34422684;2653784;34.422.684;94,00;19;1811720
2026-03-06;62864820;4971120;61.671.240;176,00;28;2245172
2026-03-07;47242520;3769520;46.972.520;126,00;30;1574751
2026-03-08;23721944;1902444;23.721.944;62,00;17;1395408
2026-03-09;6296960;496960;6.296.960;20,00;6;1049493
2026-03-10;44078332;3540512;44.078.332;104,00;20;2203917
2026-03-11;26966160;2152160;26.966.160;62,00;14;1926154
2026-03-12;29778320;2376320;29.778.320;75,00;16;1861145
2026-03-13;75070342;5938942;75.070.342;185,00;32;2345948
2026-03-14;71916320;5676320;71.916.320;172,00;27;2663567
2026-03-15;20004340;1519340;20.004.340;75,00;8;2500542
2026-03-16;21374934;1681234;21.374.934;96,00;12;1781244
2026-03-17;27289276;2151576;27.289.276;79,00;13;2099175
2026-03-18;24394608;1982308;24.394.608;67,00;9;2710512
2026-03-19;38593740;3035740;38.593.740;96,00;19;2031249
2026-03-20;45784900;3688900;45.784.900;99,00;16;2861556
2026-03-21;44183064;3515764;44.183.064;121,00;19;2325424
2026-03-22;16339120;1309120;16.339.120;42,00;12;1361593
2026-03-23;37440940;2965940;37.440.940;103,00;17;2202408
2026-03-24;8113244;630944;8.113.244;36,00;10;811324
2026-03-25;23230440;1909440;23.230.440;57,00;12;1935870
2026-03-26;49937504;4058804;49.937.504;123,00;13;3841346
2026-03-27;66048332;5305332;58.973.018;164,00;23;2871667
2026-03-28;29010320;2297820;29.010.320;62,00;17;1706489
2026-03-29;17942600;1418600;17.942.600;42,00;10;1794260
2026-03-30;7922460;625460;7.922.460;23,00;6;1320410
2026-03-31;25423500;2032500;25.423.500;67,00;16;1588969
2026-04-01;28304540;2239540;28.304.540;92,00;18;1572474
2026-04-02;32978360;2614360;32.978.360;80,00;19;1735703
2026-04-03;57232760;4563760;57.232.760;131,00;19;3012251
2026-04-04;40871774;3250974;40.871.774;112,00;25;1634871
2026-04-05;17433468;1369868;17.433.468;49,00;14;1245248
2026-04-06;19092240;1541240;19.092.240;38,00;7;2727463
2026-04-07;18888440;1456440;17.861.440;64,00;9;2098716
2026-04-08;19212960;1499960;19.212.960;55,00;11;1746633
2026-04-09;49348080;3929080;49.348.080;110,00;21;2349909
2026-04-10;62782696;4984096;62.782.696;160,00;14;4484478
2026-04-11;68501296;5484296;68.501.296;168,00;29;2362114
2026-04-12;18442340;1491140;18.442.340;48,00;13;1418642
2026-04-13;9971434;779884;9.971.434;31,00;8;1246429
2026-04-14;37490936;3028936;37.490.936;120,00;19;1973207
2026-04-15;45788600;3670600;45.788.600;115,00;15;3052573
2026-04-16;24927500;1967500;24.927.500;67,00;17;1466324
2026-04-17;66299949;5325699;66.299.949;151,00;25;2651998
2026-04-18;32424920;2553920;32.424.920;93,00;17;1907348
2026-04-19;26181520;2128520;26.181.520;54,00;12;2181793
2026-04-20;25963400;2063400;24.975.200;73,00;12;2163617
2026-04-21;6747180;536180;6.747.180;23,00;8;843398
2026-04-22;33656860;2626860;33.656.860;99,00;9;3739651
2026-04-23;43020050;3392450;43.020.050;106,00;21;2048574
2026-04-24;64583864;5182564;64.229.624;154,00;23;2807994
2026-04-25;17664620;1420620;17.664.620;48,00;15;1177641
2026-04-26;12076900;952900;12.076.900;34,00;11;1097900
2026-04-27;16281690;1294590;16.281.690;50,00;8;2035211
2026-04-28;29803700;2417700;29.075.860;73,00;12;2483642
2026-04-29;14495000;1174000;14.495.000;32,00;9;1610556
2026-04-30;11160480;903480;11.160.480;25,00;7;1594354
2026-05-01;34003062;2761162;34.003.062;85,00;15;2266871
2026-05-02;20337122;1641122;20.337.122;45,00;13;1564394
2026-05-03;12509280;1008280;12.509.280;29,00;8;1563660
2026-05-04;6262500;491500;6.262.500;18,00;4;1565625
2026-05-05;10565240;842240;10.565.240;32,00;8;1320655
2026-05-06;45096640;3578640;45.096.640;99,00;16;2818540
2026-05-07;28851560;2363560;28.347.200;60,00;10;2885156
2026-05-08;66799460;5307460;66.799.460;148,00;28;2385695
2026-05-09;35281680;2811680;35.281.680;96,00;19;1856931
2026-05-10;14339560;1153560;14.339.560;47,00;9;1593284
